model,mean_coherence,std_coherence,mean_cycles,std_cycles,total_responses,integration_ratio,consumption_ratio,transformation_ratio,generation_ratio
gpt-3.5-turbo,0.44297845852142814,0.2683605504130392,4.28,1.3717142559585798,1000,0.362,0.323,0.196,0.119
claude-3-haiku-20240307,0.5948445158008819,0.260127799169071,3.8,1.2328828005937953,1000,0.364,0.314,0.187,0.135
gemini-1.5-flash,0.652140067245525,0.2502570216768552,3.24,1.225724275683565,1000,0.278,0.301,0.262,0.159
